{"initial_reset_timestamp": 1531200858.381355, "timestamps": [1531200861.5479534, 1531200864.317536, 1531200867.0741565, 1531200869.754986, 1531200872.3878024, 1531200875.0940807, 1531200877.729316, 1531200880.362342, 1531200883.178445, 1531200885.8616548, 1531200888.5285873, 1531200891.0964448, 1531200893.716185, 1531200896.5911036, 1531200899.3334377, 1531200902.0207372, 1531200904.6074061, 1531200907.2211845, 1531200909.868304, 1531200912.5129294, 1531200915.1440785, 1531200917.8704169, 1531200920.5869799, 1531200923.2417667, 1531200925.8427143, 1531200928.5839665, 1531200931.4053767, 1531200934.1862528, 1531200936.9434998, 1531200939.633223, 1531200942.3874586, 1531200945.1539688, 1531200947.9538834, 1531200950.6619463, 1531200953.3962631, 1531200956.0509808, 1531200958.663931, 1531200961.2777312, 1531200964.0279527, 1531200966.6129913, 1531200969.1554341, 1531200971.7175775, 1531200974.289195, 1531200976.8595707, 1531200979.4814208, 1531200982.248862, 1531200984.9709768, 1531200987.67485, 1531200990.2763314, 1531200992.9452038], "episode_lengths": [200, 200, 200, 200, 200, 200, 200, 200, 200, 200, 200, 200, 200, 200, 200, 200, 200, 200, 200, 200, 200, 200, 200, 200, 200, 200, 200, 200, 200, 200, 200, 200, 200, 200, 200, 200, 200, 200, 200, 200, 200, 200, 200, 200, 200, 200, 200, 200, 200, 200], "episode_rewards": [200.0, 200.0, 200.0, 200.0, 200.0, 200.0, 200.0, 200.0, 200.0, 200.0, 200.0, 200.0, 200.0, 200.0, 200.0, 200.0, 200.0, 200.0, 200.0, 200.0, 200.0, 200.0, 200.0, 200.0, 200.0, 200.0, 200.0, 200.0, 200.0, 200.0, 200.0, 200.0, 200.0, 200.0, 200.0, 200.0, 200.0, 200.0, 200.0, 200.0, 200.0, 200.0, 200.0, 200.0, 200.0, 200.0, 200.0, 200.0, 200.0, 200.0], "episode_types": ["t", "t", "t", "t", "t", "t", "t", "t", "t", "t", "t", "t", "t", "t", "t", "t", "t", "t", "t", "t", "t", "t", "t", "t", "t", "t", "t", "t", "t", "t", "t", "t", "t", "t", "t", "t", "t", "t", "t", "t", "t", "t", "t", "t", "t", "t", "t", "t", "t", "t"]}